偵測時間,警告類型,狀態,備註
2026-07-31 (啟動時已知),雷暴警告,生效中,新聞顯示於2026-07-31 06:00發出,原定至13:00,解除時間未查得
2026-07-31 (啟動時已知),暴雨警告,紅色暴雨警告 生效中,新聞顯示於2026-07-31 11:05發出(由黃色改發)
2026-07-31 14:10,暴雨警告,紅色降為黃色暴雨警告,網頁搜尋補查證實天文台於14:10由紅色暴雨警告改發黃色暴雨警告信號
2026-07-31 15:05,暴雨警告,黃色暴雨警告 已取消(暴雨警告全部解除),使用者回報並經網頁搜尋交叉核實,天文台官方時間15:05取消黃色暴雨警告
2026-08-01至2026-08-31 (原始log遺失,以下為2026-09-01事後網頁搜尋best-effort重建,非即時記錄),—,詳見2026-08月報xlsx,可信度低於即時記錄;疑似7/29-8/5黑色暴雨警告群因搜尋結果混有2025年舊聞未能確認年份未列入
2026-08-01,暴雨警告,黃色暴雨警告信號 06:10生效,來源:星島日報2026/08/01報導,解除時間未查得
2026-08-13,暴雨警告,黃色暴雨警告信號 生效(確切時間未查得),來源:星島日報2026/08/13報導
2026-08-14,暴雨警告,黃色暴雨警告信號 凌晨生效(確切時間未查得),來源:星島日報2026/08/14報導
2026-08-26,雷暴警告,05:20生效 延長至11:30,來源:on.cc 2026/08/26報導
2026-08-31,暴雨警告,黃色暴雨警告信號 生效後於當日下午取消,來源:星島日報2026/08/31報導
2026-08-31,熱帶氣旋警告,一號戒備信號生效(颱風沙德爾),天文台表示至少維持至9/1(週二)中午,詳情待9月報告查證
